{
  "child_count" : 2,
  "components" : [ {
    "ill_source_language_publish_name" : "English",
    "components" : [ {
      "Source_file_name" : "Drivers Side Mirror - Cheat.step",
      "Adapter_name" : "step2pv",
      "components" : [ {
        "wrtskp_bbox" : "0.12610519 -0.15853706 0.097628176 0.12804303 -0.15557697 0.108234 M",
        "wrtskp_shapesource" : "l-Creo 3D_0_Drivers Side Mirror - Cheat.ol",
        "child_count" : 0,
        "wrtskp_display_instance_name" : "SURFACE_9.PRT",
        "id_path" : "/0/0/20",
        "PTC_VAL_IMP_PART_STATUS" : "\"SOLID_FAILED\"",
        "wrtskp_pvcid" : "20",
        "Pro/E Layer Compatibility" : "1"
      }, {
        "wrtskp_bbox" : "0.014678376 0.0051727206 0.014900429 0.046228014 0.046765864 0.014958208 M",
        "wrtskp_shapesource" : "l-Creo 3D_0_Drivers Side Mirror - Cheat_2.ol",
        "child_count" : 0,
        "wrtskp_display_instance_name" : "SURFACE_8.PRT",
        "id_path" : "/0/0/35",
        "PTC_VAL_IMP_PART_STATUS" : "\"SOLID_FAILED\"",
        "wrtskp_pvcid" : "35",
        "Pro/E Layer Compatibility" : "1"
      }, {
        "wrtskp_bbox" : "-0.018966662 -0.037499636 0.042362746 0.036479335 0.009215114 0.042362746 M",
        "wrtskp_shapesource" : "l-Creo 3D_0_Drivers Side Mirror - Cheat_3.ol",
        "child_count" : 0,
        "wrtskp_display_instance_name" : "SURFACE_5.PRT",
        "id_path" : "/0/0/36",
        "PTC_VAL_IMP_PART_STATUS" : "\"SOLID_FAILED\"",
        "wrtskp_pvcid" : "36",
        "Pro/E Layer Compatibility" : "1"
      }, {
        "wrtskp_bbox" : "-0.032312103 -0.012000081 0.014899978 0.05054629 0.047293093 0.041875888 M",
        "wrtskp_shapesource" : "l-Creo 3D_0_Drivers Side Mirror - Cheat_4.ol",
        "child_count" : 0,
        "wrtskp_display_instance_name" : "SURFACE_6.PRT",
        "id_path" : "/0/0/37",
        "PTC_VAL_IMP_PART_STATUS" : "\"SOLID_FAILED\"",
        "wrtskp_pvcid" : "37",
        "Pro/E Layer Compatibility" : "1"
      }, {
        "wrtskp_bbox" : "-0.03196084 0.001947202 0.018600008 -0.024073077 0.004290278 0.026744004 M",
        "wrtskp_shapesource" : "l-Creo 3D_0_Drivers Side Mirror - Cheat_5.ol",
        "child_count" : 0,
        "wrtskp_display_instance_name" : "SURFACE_7.PRT",
        "id_path" : "/0/0/38",
        "PTC_VAL_IMP_PART_STATUS" : "\"SOLID_FAILED\"",
        "wrtskp_pvcid" : "38",
        "Pro/E Layer Compatibility" : "1"
      }, {
        "wrtskp_appearance_overide_descendants" : false,
        "wrtskp_shapesource" : "l-Creo 3D_0_Drivers Side Mirror - Cheat_7.ol",
        "wrtskp_bbox" : "-0.059464395 -0.17051539 -0.0032236339 0.13969745 0.057034615 0.15756066 M",
        "child_count" : 0,
        "wrtskp_display_instance_name" : "E00000140500_1_1-151837.PRT",
        "wrtskp_appearance_overide" : { },
        "wrtskp_appearance_overide_self" : false,
        "id_path" : "/0/0/40",
        "PTC_VAL_IMP_PART_STATUS" : "\"SOLID_FAILED\"",
        "wrtskp_pvcid" : "40",
        "Pro/E Layer Compatibility" : "1"
      }, {
        "wrtskp_bbox" : "-0.063277274 -0.1641986 0.037902266 0.13109437 0.04638151 0.15750934 M",
        "wrtskp_shapesource" : "l-Creo 3D_0_Drivers Side Mirror - Cheat_9.ol",
        "child_count" : 0,
        "wrtskp_display_instance_name" : "SURFACE_3.PRT",
        "id_path" : "/0/0/42",
        "PTC_VAL_IMP_PART_STATUS" : "\"SOLID_FAILED\"",
        "wrtskp_pvcid" : "42",
        "Pro/E Layer Compatibility" : "1"
      }, {
        "wrtskp_appearance_overide_descendants" : false,
        "wrtskp_shapesource" : "l-Creo 3D_0_Drivers Side Mirror - Cheat_11.ol",
        "wrtskp_bbox" : "-0.07671081 -0.03848036 -0.035177395 0.025534559 0.07043759 0.036063883 M",
        "child_count" : 0,
        "wrtskp_display_instance_name" : "PART_2.PRT",
        "wrtskp_appearance_overide" : { },
        "wrtskp_appearance_overide_self" : false,
        "id_path" : "/0/0/44",
        "PTC_VAL_IMP_PART_STATUS" : "\"OK\"",
        "wrtskp_pvcid" : "44",
        "Pro/E Layer Compatibility" : "1"
      }, {
        "wrtskp_appearance_overide_descendants" : false,
        "wrtskp_shapesource" : "l-Creo 3D_0_Drivers Side Mirror - Cheat_13.ol",
        "wrtskp_bbox" : "0.056286607 -0.14080092 0.02454141 0.12053039 0.022213917 0.14405772 M",
        "child_count" : 0,
        "wrtskp_display_instance_name" : "E00000140500_1_2.PRT",
        "wrtskp_appearance_overide" : { },
        "wrtskp_appearance_overide_self" : false,
        "id_path" : "/0/0/49",
        "PTC_VAL_IMP_PART_STATUS" : "\"OK\"",
        "wrtskp_pvcid" : "49",
        "Pro/E Layer Compatibility" : "1"
      } ],
      "child_count" : 9,
      "Adapter_version" : "Creo 5.1 - F000 (15.1.0.28)",
      "wrtskp_display_instance_name" : "Drivers Side Mirror - Cheat",
      "Adapter_platform" : "x86e_win64",
      "id_path" : "/0/0",
      "wrtskp_pvcid" : "0",
      "Pro/E Layer Compatibility" : "1"
    } ],
    "child_count" : 1,
    "wrtskp_display_instance_name" : "Illustration",
    "itemized" : 1,
    "wrtskp_viewables" : [ {
      "ECAD" : false,
      "image" : false,
      "file" : false,
      "document" : false,
      "drawing" : false,
      "viewableType" : 59,
      "illustration" : false,
      "OLEDoc" : false
    } ],
    "id_path" : "/0",
    "wrtskp_pvcid" : "0",
    "illustration_source_language" : "en"
  }, {
    "child_count" : 0,
    "wrtskp_display_instance_name" : "Root",
    "wrtskp_viewables" : [ {
      "ECAD" : false,
      "image" : true,
      "file" : false,
      "document" : false,
      "drawing" : false,
      "viewableType" : 38,
      "illustration" : false,
      "OLEDoc" : false
    } ],
    "id_path" : "/1",
	"wrtskp_shapesource" : "dc.ol",
    "wrtskp_pvcid" : "1"
  } ],
  "id_path" : "/",
  "wrtskp_display_instance_name" : "Side Mirror Cheat"
}