<?xml version="1.0" encoding="UTF-8" standalone="no"?>
<Entities>
    <ExtensionPackages>
        <ExtensionPackage dependsOn="" description="Resource to read the structure and attributes from a CreoView file" minimumThingWorxVersion="8.1.0" name="CreoViewRWHelper" packageVersion="1.1.0" vendor="PTC">
            <JarResources>
                <FileResource description="" file="CreoViewRWExtension.jar" type="JAR"/>
                <FileResource description="" file="vecmath.jar" type="JAR"/>
                <FileResource description="" file="j3dcore.jar" type="JAR"/>
            </JarResources>
        </ExtensionPackage>
    </ExtensionPackages>
    <Resources>
        <Resource aspect.isCreatable="false" aspect.isEditableExtensionObject="false" className="com.ptc.octo.creoview.CreoViewRWResource" description="Resource to read and write the structure and attributes of a CreoView file" name="CreoViewRWHelper"/>
    </Resources>
</Entities>
